Navn,ANTAL
ANNE,44149
JAN,36557
MARIA,30047
KIM,28810
INGE,20964
MARIE,18184
NOAH,11640
BO,11000
JOHNNY,8362
ELIAS,7775
BENNY,6733
DAN,6388
GERT,6157
ANDREA,5843
JOAN,5826
ALEX,5403
FELIX,4916
RENE,4902
JANNIE,4751
MAX,4651
ELIN,4334
CONNY,3420
STORM,3389
LEO,3268
JASMIN,3099
LYKKE,2975
TONNY,2891
GRY,2835
HENNY,2594
MAI,2268
CHRIS,2240
LOUIS,2145
KAI,2138
CHARLIE,2002
LUCA,1958
SALLY,1763
NANA,1656
ORLA,1551
EBBA,1477
KAYA,1444
ROBIN,1440
MARIAN,1384
ELISA,1379
MAJ,1353
MILO,1326
DANNI,1325
SASCHA,1254
CAMILLE,1248
GLENN,1195
LOUIE,1177
MICHAL,1161
NICKI,1159
LOUI,1148
RONNIE,1145
LAU,1139
MILAN,1106
JAMIE,1098
JESS,1090
MATTI,1089
TONY,996
TONNI,992
KENNY,977
LUCCA,973
JEAN,971
LUKA,965
SONNY,943
SAMI,906
NIKITA,831
VILDE,808
NOR,807
VAN,785
NOA,778
JOHNNI,777
ROMAN,772
IMAN,715
AVA,707
RYAN,698
AMAL,694
ELI,690
DENIZ,676
MICHEL,655
KIT,646
ISA,639
BILLE,600
ANDY,599
ELIF,589
MICHELE,579
GERD,573
SAM,572
ELLIS,566
NOOR,553
NOUR,541
JESSIE,534
RUDI,523
JOSE,514
NEEL,514
ALAA,511
LUI,511
ATLAS,509
NICKY,504
EIK,493
SASHA,493
ELLIOTT,493
MARION,488
KRIS,482
TONI,482
JAMAL,474
KARI,471
PIL,468
JANA,467
JONNY,460
MARLEY,454
HANAN,451
JACKIE,443
ADA,438
DANA,434
ELO,433
NIKOLA,429
MIKA,415
NICO,401
FALKE,384
LEVI,383
SANA,376
LE,361
SACHA,358
MORGAN,349
FREDDIE,345
GRACE,337
FARAH,327
DANNIE,326
RANA,325
SULTAN,325
NOEL,322
RAYAN,320
MIRAN,320
NICOLA,310
ESRA,307
THANH,297
LINN,295
ADEL,294
ALLA,288
ELKE,288
JOE,286
GABRIELE,286
AYAN,284
NIKI,282
SOL,282
NGOC,281
NIKKI,279
AMAR,279
ELVIN,277
YAHYA,270
KAY,265
VILLE,264
MIKI,253
MICHELL,252
ISSA,251
ABEL,251
AMANI,251
ASTON,247
LIN,247
SANDY,245
LOTUS,244
MINH,240
JOHNNIE,239
SAFA,239
SABAH,238
FREY,230
ELIA,229
SAYED,224
SONNI,224
SAMER,223
NICKIE,222
ANWAR,216
ELHAM,214
JO,213
NERMIN,212
HANI,211
JOEY,211
DILAN,210
THAIS,210
BILLIE,202
SINA,201
SILA,199
BENNI,197
MARLON,196
KELLY,192
NAWAL,190
ANGEL,189
ESME,185
MIRZA,185
SAMAR,185
AYHAN,185
YAN,183
MIKKI,179
HONG,179
FRANCIS,179
ARIAN,178
WILLI,177
ABIR,177
HILAL,176
HOANG,174
LEE,174
OLLIE,173
ANDI,171
RAJA,169
LESLIE,166
AKRAM,166
NIMA,165
EDDY,164
ARI,162
ZIA,162
ILHAN,162
PI,162
EMAN,162
ARYA,160
BOBBY,159
SAMMY,159
RUDY,157
CODY,156
AYAAN,155
NUR,155
JANIS,154
VILJE,153
LI,153
DAVIDE,152
HAMDI,151
MICHA,151
NEIL,149
SIGGE,148
MIO,146
MARIN,145
ARDA,145
SHADI,145
ANH,144
ASHLEY,143
ARAM,143
ALIN,141
AMINE,141
SALAM,138
SUAD,138
WEI,137
SHAHIN,136
MANAR,136
VANJA,135
AIDEN,133
SADAF,132
OLA,132
SANDI,131
SHERIN,130
KENNIE,130
SHANE,130
LIAN,130
JORDAN,129
RAMA,129
SAMAN,129
NEO,129
YI,129
DANIELE,128
YU,126
DAMIEN,125
NADIN,125
AMEL,124
ARIA,124
MISCHA,124
SENA,123
MIKAL,121
DYLAN,121
MILEY,120
HABIB,119
CAROL,118
JIHAN,117
JUDI,116
JAIME,115
CASPIAN,114
NAN,114
DANI,114
ALEXIS,113
EHSAN,113
HODAN,112
RENEE,112
NUKA,111
CHI,110
XUAN,110
NASIM,110
IHSAN,109
ANI,108
FIDAN,108
REMI,108
SARI,107
SALEM,105
ALEC,103
ROJIN,103
DOMINIQUE,103
GUNNI,103
NINO,103
MIN,103
MADISON,102
EVIN,101
CHARLY,101
SASA,101
DIMA,100
ADI,98
LOU,98
YANG,97
JIAN,96
EZRA,96
SHANNON,96
XIN,96
ZANA,95
KIRAN,95
AGNE,95
NIKA,95
SHUKRI,95
NAJAH,95
ALA,95
EVE,95
SABRI,94
EDEN,94
NADEEM,94
HAVIN,92
NUNO,91
NIKO,91
ZIGGY,91
AMAN,91
MIR,91
ELIS,90
JAY,89
ILHAM,88
DARIN,88
ALFA,86
AIDAN,86
NAHID,86
VIAN,85
HARLEY,85
ALIJA,85
JUN,84
ARIEL,83
DUNG,82
SAMEER,82
ANIS,81
SHIVA,81
JIN,80
IKRAM,78
DIAN,78
MAXIME,78
LEI,78
SENAY,78
JONNI,77
JONA,77
AYO,77
KARAM,76
SAMMI,75
JADE,75
NEVIN,75
MING,75
CAMERON,74
ASIL,74
JIE,74
TAN,74
QAMAR,73
NAZIR,73
BARRY,73
ILIA,73
MUZAFFER,73
RIO,72
LORIN,72
SALI,72
LENNIE,71
ALPHA,71
RANI,71
CILLA,70
MADDOX,70
NASEEM,69
HUI,69
ROBYN,68
RANDY,68
MARLIN,68
ROSHAN,68
HOPE,67
MAZE,67
MISHA,67
SIGGI,67
AIMAN,66
JUNO,66
GABI,66
SUNNY,65
DARA,65
SILVA,65
ERIN,65
KIMI,64
BAO,64
SHAHED,64
ARIN,64
EIKE,64
NIL,63
SERVET,63
MICA,63
GUL,63
CHARLEY,63
EMILE,63
MICAH,62
TONNIE,62
RIDA,62
ALLEN,61
CEYLAN,61
VIET,61
HOA,60
NURHAN,60
ILJA,60
LAI,60
HAO,60
MIAN,60
AZHAR,59
JIA,59
XIAO,59
DIA,59
AUGUSTE,59
WAI,59
AL,58
JOUD,58
SUMAN,58
OLLI,58
CASEY,58
ILYA,57
SPENCER,57
LILO,57
ASLAUG,57
SIPAN,57
TAHSIN,57
SELAM,57
CHEN,57
SUI,56
YUE,56
AN,56
SHAN,56
YURI,56
RIDWAN,55
CHANDRA,55
BARAA,55
RILEY,55
REX,55
HA,55
QIAN,54
TOMA,54
SAMARA,54
YUAN,54
THIEN,54
ROMA,54
UNI,54
TAYLOR,54
INUK,53
SRI,53
TU,53
KANI,53
TRAN,53
KARMA,53
ELVAN,53
RABAB,52
ALEM,52
JINAN,52
QI,52
MATTIE,52
AMRAN,52
MILJA,52
PHI,51
TIEN,51
TAM,51
HAMSA,51
THAI,51
IRA,51
KYLE,50
BENNIE,50
KHANH,50
SON,49
JOUDI,49
ARTA,49
ALMAS,49
DIYA,49
SHAH,49
RO,49
LAURENCE,49
MAN,49
GIGI,48
SANNY,48
JUDE,48
RAZA,48
LING,48
MO,48
ADIAN,48
ANDA,48
REHAN,48
LY,48
MICKIE,47
TALAT,47
FENG,47
GIA,47
WEN,46
CLAUDE,46
HANNAN,46
RAY,46
LAMAR,46
ASA,46
ALIX,46
WILDE,45
MALI,45
ROSARIO,45
DENI,45
ADAN,45
BANA,45
LESLEY,45
SAN,44
BAILEY,44
NAZ,44
SHAHEEN,44
MIKKA,44
YUKI,44
ANU,43
SANG,43
LUE,43
AFNAN,43
RIKKI,42
TIN,42
YONG,42
KIMMY,42
MUSSE,42
SHAMS,42
ASTER,42
MACKENZIE,42
LUMI,41
HANG,41
HAN,41
FRANKIE,41
ROJAN,41
ATA,41
MAYAR,40
SIDNEY,40
HIEN,40
NILAY,40
CHAU,40
AVESTA,40
VI,40
DEVRIM,40
SAMSAM,40
CHARLI,40
IRAJ,40
BORA,40
CENNET,39
CHUN,39
WILLOW,39
ARTEMIS,39
TAJ,39
ELIE,39
PENG,39
ZEIN,38
JULES,38
BADR,38
LAM,38
CECIL,38
DEVIN,37
SOMA,37
DESTINY,37
DARIS,37
RAJAN,37
SIKA,37
BIN,36
IQBAL,36
APUTSIAQ,36
MIKO,36
XI,36
VIGGE,36
SU,36
BAWI,35
BLESSING,35
SAFI,35
ADAR,35
NOHA,35
KAZI,35
ADEN,35
SIVA,35
TIMIAN,35
TIAN,34
KERRY,34
MUMTAZ,34
BELA,34
JIYAN,34
JI,34
RAHEL,34
LAWIN,34
SI,34
NILO,34
AVAN,33
AKI,33
LUCKA,33
HUNTER,33
MILOU,33
TRI,33
NGUN,32
VIYAN,32
PHOENIX,32
NHAT,32
MARLI,32
MANU,32
VALENTINE,32
MIRAL,32
LIOR,32
BIAK,32
HARPER,32
DANE,32
IO,32
HEDI,32
AKIRA,32
ELISHA,31
HASTI,31
MISHAL,31
LOVE,31
DANY,31
GUNDER,31
ANTONIE,30
SANAM,30
ZIDAN,30
SAVA,30
SKYE,30
RIAN,30
BINH,30
SHU,29
SHIRAZ,29
ROMY,29
MOMO,29
IVIK,29
JESSY,29
CHIA,29
HUYEN,29
ELAF,29
OCEAN,29
NING,29
AYE,28
MASIH,28
SOLE,28
AMANA,28
KE,28
YUNA,28
SERVAN,28
EVIG,28
SIAN,28
NOURI,28
SHAD,27
SHAKER,27
ZHEN,27
GAEL,27
NICOL,27
WING,27
AWAZ,27
PETRI,27
HEKMAT,27
HASSEL,27
YOEL,26
RONG,26
VY,26
JADEN,26
MASHAL,26
NIKE,26
SEYDA,26
MINNE,26
ADAMA,26
RORY,26
FAN,26
SONG,26
RABEA,26
CHANG,26
RAYAAN,25
CARLY,25
RAWAND,25
YOUNG,25
NIVIN,25
LIND,25
YIN,25
STEVIE,25
SHI,25
SIVAN,25
ARA,25
ARIYA,25
SONAM,25
TRONG,25
ZI,25
BLAKE,24
MALLE,24
FLOR,24
LIANN,24
JODI,24
MARNI,24
SURYA,24
JAZZ,24
KHAN,24
NYA,24
NUUNU,24
AVERY,24
HELMI,24
ALEK,23
VINTER,23
NOELL,23
DIDI,23
ESA,23
AMEN,23
RAN,23
ANANDA,23
SUNG,23
SONDOS,23
SHERAZ,23
MINEL,23
TRUC,23
BOWIE,23
HIVA,22
ALFIE,22
DAWT,22
DANILA,22
NILAN,22
YAO,22
AIKO,22
BI,22
SATYA,22
AMI,22
RIYAN,22
KIMM,22
ACELYA,22
JONI,22
MANEL,21
LOIS,21
JAEL,21
HIYAB,21
ARSHIA,21
BENJA,21
ZAZA,21
ALLI,21
TONG,21
RIHAN,21
NHAN,21
ELAN,21
COSTA,21
MAYSAM,20
SVALE,20
YICHEN,20
JIAYI,20
XIANG,20
TUNA,20
CHIN,20
PARIS,20
ANGE,20
SIGI,20
MULLE,20
BOBBIE,20
JOANN,20
NAMI,19
NAT,19
ELIYA,19
LUTFI,19
XING,19
NICKEY,19
LIYAN,19
NORI,19
PHU,19
JAIDEN,19
ERLE,19
SADE,19
GUNDE,19
DAI,19
AVEN,19
KALI,19
KANNA,19
WAN,18
MESSI,18
GOHAR,18
BOBBI,18
ROSEN,18
IGGY,18
SEREN,18
AVI,18
BEREN,18
NAJI,18
JAHAN,18
ILIAN,18
KARLI,18
SUN,18
AINHOA,18
DERIN,18
KAVIN,18
NICHOLA,18
ANMOL,18
FINLEY,17
ZIN,17
ERI,17
CHO,17
CHRISS,17
PARKER,17
NONNI,17
DI,17
KAYRA,17
TOBI,17
JONNE,17
WALLY,17
LO,17
KIWA,17
GLORY,17
XIAN,17
INDY,17
DAYAN,16
SKY,16
JUMA,16
LINDI,16
ILLYA,16
MAXENCE,16
HAYDEN,16
FERDA,16
CHING,16
QUY,16
MEMPHIS,16
ASLA,16
KIWI,16
PAJA,16
EMAAN,16
LEONE,16
JOOD,16
TEX,16
MANG,16
ANAN,16
RUMI,16
DARRYL,16
NOVAH,16
ELIJA,15
RUDRA,15
KEI,15
ALAZ,15
MAYAN,15
QUINN,15
RUKAN,15
MOON,15
MADDY,15
JOA,15
CHARLOT,15
MARTI,15
MALLI,15
STAR,15
VIC,15
MAR,15
REI,15
THA,15
AHSEN,15
YEE,14
SHAI,14
LEMAR,14
LEITH,14
AJO,14
NIEL,14
DA,14
AARYA,14
RUHI,14
ROA,14
YILIN,14
INDIGO,14
RIVER,14
FINLAY,14
KELLIE,14
JUSTICE,14
NY,14
BERA,14
DELVIN,14
RAVEN,14
SHELBY,14
HELLAN,14
LAWAN,14
SURIYA,14
AVALON,14
JUWAN,13
SHUO,13
SIYA,13
HEVAL,13
KALIN,13
SHAHI,13
PIM,13
ADDIS,13
SADA,13
SAHAL,13
BABY,13
YUMNA,13
OBI,13
JUNG,13
DAC,13
ALBI,13
MANDA,13
ENEA,13
ASKA,13
HOAI,13
BIRKE,12
DIAMOND,12
CALI,12
SAFIR,12
DEVA,12
REHMAT,12
ARDEN,12
LYN,12
OLLY,12
RAJI,12
LINDE,12
AWIN,12
RAMEEN,12
DELAN,12
TALI,12
TIGER,12
AMEYA,12
MOE,12
KEITA,12
ALHAM,12
TIAM,12
EMERSON,12
EKIN,12
ZIGGI,11
MARIJN,11
RUN,11
NIAN,11
WARIN,11
TALE,11
SAADAT,11
NEWROZ,11
ADDISON,11
WIN,11
MAUI,11
CASS,11
KARO,11
HYUN,11
ALTAF,11
KOA,11
HAMI,11
MADI,11
MU,11
JIBREEL,11
NOBEL,11
SIWAN,11
LAVAN,11
JIVAN,11
KOSAR,11
SILVAN,11
HUAN,11
TY,11
SHAAM,10
BAY,10
BARI,10
LEXI,10
DALI,10
SELMIN,10
RAHIL,10
AJNUR,10
LOK,10
REY,10
CHOI,10
BROOKLYN,10
MASI,10
ZACHARIA,10
AIMAL,10
SOHAN,10
HEAVEN,10
MASAR,10
WU,10
HEE,10
SIMAR,10
KADI,10
AGNI,10
FU,9
BODE,9
BODHI,9
KEZIAH,9
EZEL,9
BENNE,9
AYSAN,9
TABAN,9
MILLIAN,9
GUI,9
LIO,9
FAJR,9
AYCAN,9
SAKI,9
YIHAN,9
KYUNG,9
CONSTANTINE,9
PEACE,9
MAVI,9
ARJIN,9
EISA,9
NAPAT,9
NANO,9
JONG,9
DEEP,9
PAX,9
NAHER,9
ALAE,9
MARVEL,9
JORI,9
AKILA,9
KAMI,9
YIXUAN,9
SOO,8
MARLEE,8
UMI,8
SAGE,8
IZZY,8
TE,8
JAHJA,8
NIYAN,8
DARRIN,8
NOVIN,8
MIKU,8
LANG,8
ROJBIN,8
SHILOH,8
THANUSHA,8
RIYAAN,8
RUHAN,8
TIEU,8
HAYAN,8
HOSANNA,8
YONA,8
MITHRA,8
LEK,8
DAKOTA,8
EN,8
MALAZ,8
SENG,8
CHAM,8
YIRAN,8
CHISOM,8
JEN,8
BERNIE,8
SREE,8
LIE,8
ZAYED,7
KI,7
TAE,7
TOTO,7
SAMMIE,7
JASMIA,7
LEN,7
SHEMA,7
AMARU,7
AREG,7
KARLY,7
KIRSTEIN,7
ZIHAN,7
BETHEL,7
ARMANI,7
KHA,7
RICCI,7
YOON,7
MIEL,7
FLORI,7
REAGAN,7
FIRDAUS,7
NGOZI,7
FINNLEY,7
EZANA,7
EHM,7
HYAB,7
PINO,7
CRUZ,7
EDOM,7
EDEM,7
FELICE,7
DONNIE,7
MANJOT,7
DAYA,7
WALLI,7
MIZAN,7
DHIYA,7
CASSIDY,7
NILE,7
RIN,7
BLUE,7
INDIANA,7
NEVI,6
MATHIE,6
ZE,6
AVIV,6
SASI,6
HALLE,6
GIN,6
SEGA,6
RHYTHM,6
CUBA,6
UM,6
LILLE,6
ELIYAH,6
TSINAT,6
MAL,6
PAI,6
MIRE,6
LEIS,6
NUKAAKA,6
NORE,6
VON,6
MOKSHA,6
SHINO,6
ILAY,6
SAKHI,6
RYLE,6
MAES,6
CANE,6
THY,6
ABIODUN,6
RHO,6
TICH,5
NICE,5
JURA,5
CASSIEL,5
MIKAH,5
DOMENIC,5
OLUWASEUN,5
TUI,5
NUKAARAQ,5
EM,5
DIONE,5
DELANEY,5
TOBA,5
NIYAZ,5
ZAIA,5
HEJAR,5
ANUK,5
LALI,5
SALE,5
RUHAT,5
NIHAAN,5
GILLI,5
PRAISE,5
AYOMIDE,5
ALVILD,5
MINGO,5
RADEN,5
CHEVY,5
TESLA,5
KIYO,5
KELECHI,5
JINO,5
KIO,5
EVIAN,5
YARIN,4
SISU,4
MARU,4
ANDIE,4
DOMINIKAS,4
YO,4
TREASURE,4
KONG,4
NERI,4
DIXI,4
VIN,4
MUNG,4
DUO,4
DIOR,4
SOUL,4
NICCI,4
TAYLER,4
WILKE,4
BEKA,4
ZENITH,4
EZRAH,4
AVNEET,4
SAR,4
SAMOON,4
MAAHI,4
URWAH,4
MAKOTO,4
BERTIE,4
MIKISOQ,4
LUDO,4
ISAI,4
BLU,4
BIRUK,4
ZEPHYR,4
PEYTON,4
SEO,4
OKTOBER,4
NISAN,4
YARAN,4
MERDZHAN,4
DAY,4
AGAM,4
FATE,4
NAIMI,4
OR,4
MELIAN,3
MEO,3
TOA,3
MUDI,3
ESOSA,3
MINORI,3
MIRAI,3
FAVOR,3
MONTANA,3
EVEREST,3
MISAL,3
YIQING,3
FILLE,3
HAJIN,3
ZIYUAN,3
LOLAN,3
PAYTON,3
JIU,3
LEVIAN,3
MAJLIND,3
MAGDE,3
YALI,3
BARAKA,3
CHANI,3
USHINDI,3
LINGXI,3
BERLIN,3
CHALA,3
BERTI,3
ILON,3
BUBI,3
LIONE,3
BILLI,3
BRODIE,3
YUZE,3
ISSEY,3
IVORY,3
SCOUT,3
GISA,3
SERENE,3
SIALUK,3
KALANI,3
SOYA,3
NESTA,3
ALKE,3
SONIC,3
EILI,3
MAT,3
KUMBA,3
DIEUMERCI,3
ZHIYAN,3
YON,3
ANUR,3
NOIR,3
KAYSE,3
DARMA,3
MANNI,3
VICTORY,3
ONYX,3
XIAOYE,2
ZAPPA,2
ZILIN,2
VENNY,2
ZICHEN,2
ZULAL,2
TEMITOPE,2
ELAV,2
MELIKAS,2
MARLOWE,2
MAITRI,2
LUNE,2
LIEL,2
JAYMI,2
IFE,2
HYO,2
HLEI,2
HARLOW,2
GUGGI,2
FLORES,2
DHWANI,2
NHYIRA,2
DANCHEN,2
CIMMY,2
CHINAZA,2
CHIDERA,2
CE,2
AVYAN,2
ANELE,2
AKISOOQ,2
AISOSA,2
AHURA,2
ADHVIK,2
ABIOLA,2
MELO,2
KATAYA,2
SIXUAN,2
TEH,2
PRANA,2
TAWAN,2
OSIRIS,2
PERRI,2
RUIYANG,2
SENI,2
SEHAJ,1
CHIDIEBERE,1
SHAKTHI,1
SEQUOIA,1
FLORENS,1
DUSTY,1
FARAI,1
CHERVIN,1
UL,1
HAVEN,1
HAWI,1
HELFRED,1
TRIN,1
OREOLUWA,1
CHENQING,1
HY,1
BOYI,1
BARRI,1
BALOU,1
AZURA,1
AWELE,1
ASSANA,1
ASOH,1
ARVEEN,1
AMARI,1
AKSHINI,1
TASNIIM,1
ADITA,1
TAWHEED,1
ROINE,1
AAJU,1
RAYNE,1
KUNI,1
MONROE,1
MAVEL,1
AARIA,1
MYR,1
MET,1
LAVEY,1
LAVE,1
MILKI,1
MAWULI,1
KIMBER,1
VALLEY,1
TEHILLAH,1
MAYEL,1
JAZZY,1
XINRUI,1
MAYOWA,1
NORTH,1
NYAMEKYE,1
MUHAN,1
ZEMA,0
AULIA,0
RENÉE,0
SØLVI,0
ZHUOYI,0
ANAVA,0
NA,0
TAÏS,0
NOÉ,0
NOÉL,0
AEZHA,0
NOËL,0
SØLVE,0
CHANSA,0
MERCURY,0
ÖZGÜR,0
RENEÉ,0
REDDY,0
XIYU,0
GÜN,0
OLUWAKEMI,0
GÖRKEM,0
RUOYI,0
ECHEVARRIA,0
CLÉO,0
CHOWDARY,0
LUMIÈRE,0
LÝ,0
PIP,0
YÜKSEL,0
HÜDA,0
BJØRK,0
BJÖRK,0
RUEPAWADEE,0
